deputado;partido;uf;impeachment_dilma;emendas_prometidas;emendas_pagas;voto_temer
Abel Mesquita Jr;DEM;RR;SIM;7061477.00;39265.18;NÃO
Adail Carneiro;PP;CE;SIM;8963739.00;820189.29;Abstenção
Adalberto Cavalcanti;PTB;PE;NÃO;7597298.75;261250.15;NÃO
Adelmo Carneiro Leão;PT;MG;NÃO;4116583.05;4605723.98;SIM
Adelson Barreto;PR;SE;SIM;10145850.54;1578895.76;SIM
Ademir Camilo;PODE;MG;Não estava no cargo;9619817.00;536384.40;NÃO
Adilton Sachetti;PSB;MT;SIM;7610953.00;778879.95;NÃO
Aelton Freitas;PR;MG;NÃO;6767961.54;1685451.83;NÃO
Afonso Florence;PT;BA;NÃO;5370000.00;2119199.81;SIM
Afonso Hamm;PP;RS;SIM;9135074.00;2599856.82;SIM
Afonso Motta;PDT;RS;NÃO;7324361.78;1730238.40;SIM
Aguinaldo Ribeiro;PP;PB;SIM;10033523.00;1185766.31;NÃO
Alan Rick;DEM;AC;SIM;6500000.00;192579.14;SIM
Alberto Fraga;DEM;DF;SIM;3000000.00;0.00;NÃO
Alceu Moreira;PMDB;RS;SIM;6650012.10;1680051.10;NÃO
Alessandro Molon;Rede;RJ;NÃO;1445748.40;4120345.13;SIM
Alex Canziani;PTB;PR;SIM;6442233.00;1199279.33;NÃO
Alex Manente;PPS;SP;SIM;9066453.00;0.00;SIM
Alexandre Baldy;PODE;GO;SIM;6432953.00;1067394.52;NÃO
Alexandre Leite;DEM;SP;SIM;3339857.00;2102897.98;Abstenção
Alexandre Serfiotis;PMDB;RJ;SIM;2560370.00;5798151.99;Abstenção
Alexandre Valle;PR;RJ;SIM;7722953.00;232749.09;NÃO
Alfredo Kaefer;PSL;PR;SIM;10212153.00;1776210.59;NÃO
Alfredo Nascimento;PR;AM;SIM;5463184.00;0.00;NÃO
Alice Portugal;PCdoB;BA;NÃO;10565500.00;1352462.92;SIM
Aliel Machado;Rede;PR;NÃO;5770385.00;770432.63;SIM
Altineu Côrtes;PMDB;RJ;SIM;8070653.00;227421.62;NÃO
Aluisio Mendes;PODE;MA;NÃO;10469538.00;0.00;NÃO
Ana Perugini;PT;SP;NÃO;5723291.10;4376242.30;SIM
André Abdon;PP;AP;SIM;8168307.00;2225199.27;NÃO
André Amaral;PMDB;PB;Não estava no cargo;6408362.57;0.00;NÃO
André de Paula;PSD;PE;SIM;5231165.00;0.00;SIM
André Figueiredo;PDT;CE;Não estava no cargo;6759100.00;132146.24;SIM
André Fufuca;PP;MA;SIM;10389888.00;23487.20;NÃO
André Moura;PSC;SE;SIM;9582835.55;275575.17;NÃO
Andres Sanchez;PT;SP;NÃO;6972943.00;1173969.12;SIM
Angelim;PT;AC;NÃO;5408919.65;89072.16;SIM
Aníbal Gomes;PMDB;CE;Ausente;10159577.00;576356.52;NÃO
Antonio Brito;PSD;BA;NÃO;9989816.54;2423644.02;SIM
Antonio Bulhões;PRB;SP;SIM;8142540.00;2399119.37;NÃO
Antonio Carlos Mendes Thame;PV;SP;Não estava no cargo;NaN;NaN;SIM
Antônio Imbassahy;PSDB;BA;SIM;3975702.71;533720.48;NÃO
Antônio Jácome;PODE;RN;SIM;6841825.00;1701205.56;SIM
Ariosto Holanda;PDT;CE;NÃO;0.00;1064298.47;SIM
Arlindo Chinaglia;PT;SP;NÃO;7352162.00;2065042.51;SIM
Arnaldo Faria de Sá;PTB;SP;SIM;8101360.54;4818016.44;SIM
Arnaldo Jordy;PPS;PA;SIM;3509698.78;3418147.65;SIM
Arolde de Oliveira;PSC;RJ;SIM;NaN;NaN;SIM
Arthur Lira;PP;AL;SIM;1236340.00;1476900.39;NÃO
Arthur Oliveira Maia;PPS;BA;SIM;2315216.83;737034.02;NÃO
Arthur Virgílio Bisneto;PSDB;AM;SIM;5559769.00;110137.09;NÃO
Assis Carvalho;PT;PI;NÃO;7000625.00;2108819.73;SIM
Assis do Couto;PDT;PR;NÃO;10258573.00;2273780.13;SIM
Átila Lins;PSD;AM;SIM;1794053.00;1061204.44;NÃO
Átila Lira;PSB;PI;SIM;6408913.08;1977422.93;NÃO
Augusto Carvalho;SD;DF;SIM;4340769.00;1609696.12;SIM
Augusto Coutinho;SD;PE;SIM;5102134.99;189176.31;NÃO
Aureo;SD;RJ;SIM;3902422.00;2207347.48;NÃO
Bacelar;PODE;BA;NÃO;10587869.00;3192265.75;SIM
Baleia Rossi;PMDB;SP;SIM;5359438.00;3962665.75;NÃO
Bebeto;PSB;BA;NÃO;6893301.54;2614008.02;SIM
Benedita da Silva;PT;RJ;NÃO;2510000.00;686573.99;SIM
Benito Gama;PTB;BA;SIM;3944800.00;508440.10;NÃO
Benjamin Maranhão;SD;PB;SIM;8599999.00;1327369.18;NÃO
Betinho Gomes;PSDB;PE;SIM;2181945.00;0.00;SIM
Beto Faro;PT;PA;NÃO;3815769.00;2024627.24;SIM
Beto Mansur;PRB;SP;SIM;9809663.00;770718.16;NÃO
Beto Rosado;PP;RN;SIM;5958330.00;232387.68;NÃO
Beto Salame;PP;PA;Abstenção;7742953.00;413519.40;NÃO
Bilac Pinto;PR;MG;SIM;9526514.78;1909053.28;NÃO
Bohn Gass;PT;RS;NÃO;5817519.68;3131972.36;SIM
Bonifácio de Andrada;PSDB;MG;SIM;8019780.00;540056.95;NÃO
Bruna Furlan;PSDB;SP;SIM;1927350.00;2159649.92;NÃO
Brunny;PR;MG;NÃO;6565630.54;542972.34;NÃO
Bruno Araújo;PSDB;PE;SIM;10722950.78;957876.47;NÃO
Cabo Daciolo;PTdoB;RJ;SIM;6698954.47;1008112.37;SIM
Cabo Sabino;PR;CE;SIM;10622953.00;403368.36;SIM
Cabuçu Borges;PMDB;AP;SIM;7022783.00;1922087.58;NÃO
Cacá Leão;PP;BA;Abstenção;8349341.08;2242777.02;NÃO
Caetano;PT;BA;NÃO;6965088.00;3253165.60;SIM
Caio Narcio;PSDB;MG;SIM;6278451.00;901407.09;NÃO
Cajar Nardes;PR;RS;Não estava no cargo;7505078.00;0.00;NÃO
Capitão Augusto;PR;SP;SIM;5594780.00;152543.46;SIM
Carlos Andrade;PHS;RR;SIM;6230948.00;537414.96;SIM
Carlos Bezerra;PMDB;MT;SIM;6249940.00;757013.11;NÃO
Carlos Gomes;PRB;RS;SIM;9052085.00;3350146.11;SIM
Carlos Henrique Gaguim;PODE;TO;SIM;7516630.00;1735402.06;NÃO
Carlos Manato;SD;ES;SIM;3339538.00;3988134.92;SIM
Carlos Marun;PMDB;MS;SIM;5874910.00;384764.41;NÃO
Carlos Melles;DEM;MG;SIM;6030551.54;1892904.05;NÃO
Carlos Sampaio;PSDB;SP;SIM;7572094.00;2845114.58;SIM
Carlos Zarattini;PT;SP;NÃO;8085087.76;2491096.68;SIM
Carmen Zanotto;PPS;SC;SIM;5276058.55;1896004.62;SIM
Célio Silveira;PSDB;GO;SIM;7564792.55;633059.15;NÃO
Celso Jacob;PMDB;RJ;Não estava no cargo;3936910.00;1667092.60;NÃO
Celso Maldaner;PMDB;SC;SIM;8860750.00;2576215.04;NÃO
Celso Pansera;PMDB;RJ;NÃO;4685253.00;0.00;SIM
Celso Russomano;PRB;SP;SIM;2175512.83;3977175.32;NÃO
César Halum;PRB;TO;SIM;9469200.00;487634.89;SIM
César Messias;PSB;AC;NÃO;5419724.00;208200.87;SIM
Cesar Souza;PSD;SC;SIM;9500000.00;934641.72;NÃO
Chico Alencar;PSOL;RJ;NÃO;510779.89;966208.02;SIM
Chico D'Angelo;PT;RJ;NÃO;2837752.50;236392.63;SIM
Chico Lopes;PCdoB;CE;NÃO;9160411.80;670739.32;SIM
Christiane de Souza Yared;PR;PR;SIM;9150072.00;3237416.12;SIM
Cícero Almeida;PMDB;AL;SIM;4878231.00;0.00;NÃO
Claudio Cajado;DEM;BA;SIM;5877058.92;2021882.06;NÃO
Cleber Verde;PRB;MA;SIM;7106838.00;511730.20;NÃO
Conceição Sampaio;PP;AM;SIM;1419904.49;2484427.12;SIM
Covatti Filho;PP;RS;SIM;9712452.78;1229281.57;NÃO
Cristiane Brasil;PTB;RJ;SIM;4958100.00;181877.76;NÃO
Dagoberto Nogueira;PDT;MS;NÃO;6030069.00;0.00;SIM
Damião Feliciano;PDT;PB;NÃO;9350712.55;1099683.98;SIM
Dâmina Pereira;PSL;MG;SIM;9360003.00;885170.69;NÃO
Daniel Almeida;PCdoB;BA;NÃO;5671107.64;2709721.82;SIM
Daniel Coelho;PSDB;PE;SIM;5969325.42;165195.24;SIM
Daniel Vilela;PMDB;GO;SIM;3457913.40;1151710.29;NÃO
Danilo Cabral;PSB;PE;SIM;9494443.00;178418.73;SIM
Danilo Forte;PSB;CE;SIM;8489000.00;229989.81;NÃO
Danrlei de Deus Hinterholz;PSD;RS;SIM;6314378.00;3121415.59;SIM
Darcísio Perondi;PMDB;RS;SIM;6970267.80;2283550.28;NÃO
Décio Lima;PT;SC;NÃO;7821950.37;2284109.04;SIM
Dejorge Patrício;PRB;RJ;Não estava no cargo;NaN;NaN;Abstenção
Delegado (Fernando) Francischini;SD;PR;SIM;4409729.00;2277017.09;SIM
Delegado Éder Mauro;PSD;PA;SIM;7332998.52;495820.67;NÃO
Delegado Edson Moreira;PR;MG;SIM;6451199.01;1398336.92;NÃO
Delegado Waldir;PR;GO;SIM;2309370.38;3317655.41;Abstenção
Deley;PTB;RJ;SIM;5809190.90;2341707.25;SIM
Deoclides Macedo;PDT;MA;Não estava no cargo;NaN;NaN;SIM
Diego Andrade;PSD;MG;SIM;4640026.25;1144267.33;NÃO
Diego Garcia;PHS;PR;SIM;6812314.55;2912222.88;SIM
Dilceu Sperafico;PP;PR;SIM;8870469.00;1165744.50;NÃO
Dimas Fabiano;PP;MG;SIM;8667300.52;2553532.51;NÃO
Domingos Neto;PSD;CE;NÃO;10722953.00;106242.17;NÃO
Domingos Sávio;PSDB;MG;SIM;7900200.00;3416671.57;NÃO
Dr. Jorge Silva;PHS;ES;SIM;5089055.65;370823.48;SIM
Dr. Sinval Malheiros;PODE;SP;SIM;7380203.00;4122645.06;NÃO
Dulce Miranda;PMDB;TO;SIM;6791329.00;361251.10;NÃO
Edio Lopes;PR;RR;NÃO;6150000.00;765294.48;NÃO
Edmar Arruda;PSD;PR;Não estava no cargo;7631223.00;1505468.22;NÃO
Edmilson Rodrigues;PSOL;PA;NÃO;3021512.67;921960.37;SIM
Eduardo Barbosa;PSDB;MG;SIM;6253186.00;275196.55;Abstenção
Eduardo Bolsonaro;PSC;SP;SIM;3247815.14;844402.99;SIM
Eduardo Cury;PSDB;SP;SIM;7675177.61;384111.04;SIM
Eduardo da Fonte;PP;PE;SIM;3072893.00;4400335.48;NÃO
Efraim Filho;DEM;PB;SIM;6351960.00;1210040.94;NÃO
Elcione Barbalho;PMDB;PA;NÃO;3438330.00;4027395.68;NÃO
Eli Corrêa Filho;DEM;SP;SIM;7139643.00;1167676.98;NÃO
Elizeu Dionizio;PSDB;MS;SIM;2659680.00;0.00;NÃO
Eliziane Gama;PPS;MA;SIM;4644638.00;1389043.36;SIM
Elmar Nascimento;DEM;BA;SIM;2553638.00;1824576.09;NÃO
Enio Verri;PT;PR;NÃO;9319388.00;0.00;SIM
Erika Kokay;PT;DF;NÃO;2299000.00;519317.54;SIM
Erivelton Santana;PEN;BA;SIM;6419180.00;1445145.26;NÃO
Eros Biondini;PROS;MG;SIM;8032038.00;4207734.94;SIM
Esperidião Amin;PP;SC;SIM;5664034.00;1812632.24;SIM
Evair Vieira de Melo;PV;ES;SIM;2218360.00;941875.18;SIM
Evandro Gussi;PV;SP;SIM;5011100.00;1200152.24;NÃO
Evandro Roman;PSD;PR;SIM;4914011.17;1534301.10;NÃO
Expedito Netto;PSD;RO;SIM;5688974.00;3997204.58;SIM
Ezequiel Fonseca;PP;MT;Não estava no cargo;6471700.00;638639.53;NÃO
Ezequiel Teixeira;PODE;RJ;SIM;6500000.00;867281.46;NÃO
Fábio Faria;PSD;RN;SIM;7956790.34;1233686.49;NÃO
Fabio Garcia;PSB;MT;SIM;7542953.00;2181879.43;NÃO
Fábio Mitidieri;PSD;SE;NÃO;6777160.00;0.00;SIM
Fábio Ramalho;PMDB;MG;SIM;5578659.41;445595.60;NÃO
Fábio Reis;PMDB;SE;SIM;9873005.16;827260.95;NÃO
Fábio Sousa;PSDB;GO;SIM;5327950.00;557318.21;SIM
Fausto Pinato;PP;SP;SIM;9007550.00;1104985.93;NÃO
Felipe Bornier;PROS;RJ;SIM;9274539.00;0.00;SIM
Felipe Maia;DEM;RN;SIM;7596397.93;1615292.44;NÃO
Félix Mendonça Júnior;PDT;BA;NÃO;6503652.99;4569091.39;SIM
Fernando Coelho Filho;PSB;PE;SIM;4750846.00;2529778.62;NÃO
Fernando Monteiro;PP;PE;Não estava no cargo;3972500.00;253365.59;NÃO
Fernando Torres;PSD;BA;NÃO;7837998.00;276307.68;SIM
Flávia Morais;PDT;GO;SIM;8258038.00;2227577.42;SIM
Flaviano Melo;PMDB;AC;SIM;5672953.00;1643816.13;NÃO
Flavinho;PSB;SP;SIM;3049337.00;7759168.62;SIM
Francisco Chapadinha;PODE;PA;SIM;4398635.00;1344394.70;NÃO
Francisco Floriano;DEM;RJ;SIM;9722953.00;865367.69;NÃO
Franklin Lima;PP;MG;SIM;5265399.00;653519.73;NÃO
Gabriel Guimarães;PT;MG;NÃO;6028861.43;2449268.39;SIM
Genecias Noronha;SD;CE;SIM;8958513.49;981268.91;NÃO
George Hilton;PSB;MG;NÃO;4230894.25;0.00;SIM
Geovania de Sá;PSDB;SC;SIM;10050112.54;2510304.88;SIM
Geraldo Resende;PSDB;MS;SIM;3451700.00;1959856.48;NÃO
Giacobo;PR;PR;SIM;10682340.00;1200848.41;NÃO
Gilberto Nascimento;PSC;SP;SIM;8519473.00;4476700.46;Abstenção
Giovani Cherini;PR;RS;SIM;7620145.38;1619643.94;Abstenção
Giuseppe Vecci;PSDB;GO;SIM;6828262.10;1471007.94;NÃO
Givaldo Carimbão;PHS;AL;NÃO;2459698.00;12858.17;SIM
Givaldo Vieira;PT;ES;NÃO;6029466.00;2558052.93;SIM
Glauber Braga;PSOL;RJ;NÃO;3781190.00;1603657.25;SIM
Gonzaga Patriota;PSB;PE;SIM;9147998.00;1196537.68;SIM
Gorete Pereira;PR;CE;Abstenção;8218525.54;176796.30;NÃO
Goulart;PSD;SP;SIM;7973758.00;520595.35;NÃO
Guilherme Mussi;PP;SP;SIM;8420675.44;3471795.74;NÃO
Heitor Schuch;PSB;RS;SIM;8102565.00;4697321.46;SIM
Helder Salomão;PT;ES;NÃO;6520886.00;762212.66;SIM
Hélio Leite;DEM;PA;SIM;5764781.66;543263.32;NÃO
Henrique Fontana;PT;RS;NÃO;6365115.80;2278463.64;SIM
Heráclito Fortes;PSB;PI;SIM;8318459.00;510115.76;NÃO
Herculano Passos;PSD;SP;SIM;7872390.00;889062.69;NÃO
Hermes Parcianello;PMDB;PR;SIM;7923758.98;5505613.42;NÃO
Heuler Cruvinel;PSD;GO;SIM;0.00;2022200.78;NÃO
Hildo Rocha;PMDB;MA;SIM;9199964.00;1103566.38;NÃO
Hiran Gonçalves;PP;RR;SIM;6465890.00;145710.94;NÃO
Hissa Abrahão;PDT;AM;SIM;4103108.00;1071007.38;SIM
Hugo Leal;PSB;RJ;SIM;5709410.80;1467394.29;SIM
Hugo Motta;PMDB;PB;SIM;8547980.54;1129613.36;NÃO
Iracema Portella;PP;PI;SIM;10116935.12;716430.39;NÃO
Irajá Abreu;PSD;TO;NÃO;7125018.00;3487439.12;SIM
Irmão Lázaro;PSC;BA;SIM;7254579.00;435243.35;SIM
Ivan Valente;PSOL;SP;NÃO;2749955.00;5804879.91;SIM
Izalci Lucas;PSDB;DF;SIM;7676769.00;2144261.67;NÃO
Izaque Silva;PSDB;SP;Não estava no cargo;NaN;NaN;SIM
Jaime Martins;PSD;MG;SIM;6638980.54;1327415.91;NÃO
Jair Bolsonaro;PSC;RJ;SIM;2621077.00;230227.89;SIM
Jandira Feghali;PCdoB;RJ;NÃO;4403114.98;3231867.58;SIM
Janete Capiberibe;PSB;AP;NÃO;4450140.00;1464930.61;SIM
Jarbas Vasconcelos;PMDB;PE;SIM;7485885.00;369032.63;SIM
Jean Wyllys;PSOL;RJ;NÃO;200000.00;2096581.42;SIM
Jefferson Campos;PSD;SP;SIM;6471698.52;1683639.28;SIM
Jerônimo Goergen;PP;RS;SIM;8994332.17;1936582.85;SIM
Jéssica Sales;PMDB;AC;SIM;5712699.00;800588.49;NÃO
JHC;PSB;AL;SIM;3994774.78;0.00;SIM
Jhonatan de Jesus;PRB;RR;SIM;9180953.00;2101.67;NÃO
Jô Moraes;PCdoB;MG;NÃO;4152979.74;991065.23;SIM
João Arruda;PMDB;PR;SIM;7913360.00;1548512.37;NÃO
João Campos;PRB;GO;SIM;6077630.00;4465080.77;NÃO
João Carlos Bacelar;PR;BA;NÃO;6852769.00;447105.26;NÃO
João Daniel;PT;SE;NÃO;8206642.05;1591930.66;SIM
João Derly;Rede;RS;SIM;8301835.00;2068166.91;SIM
João Fernando Coutinho;PSB;PE;SIM;5473745.00;1083818.32;Abstenção
João Gualberto;PSDB;BA;SIM;8650741.97;326632.25;SIM
João Marcelo Souza;PMDB;MA;NÃO;5069873.00;251585.59;NÃO
João Paulo Kleinübing;PSD;SC;SIM;NaN;NaN;NÃO
João Paulo Papa;PSDB;SP;SIM;6322948.00;700270.83;SIM
João Rodrigues;PSD;SC;SIM;9259295.55;1017740.52;NÃO
Joaquim Passarinho;PSD;PA;SIM;6580865.00;563813.51;SIM
Jony Marcos;PRB;SE;SIM;8095213.00;1412708.65;SIM
Jorge Boeira;PP;SC;SIM;820000.00;35423.35;SIM
Jorge Côrte Real;PTB;PE;SIM;8631053.00;742490.84;NÃO
Jorge Solla;PT;BA;NÃO;5383490.00;2106402.48;SIM
Jorge Tadeu Mudalen;DEM;SP;SIM;7673264.00;1635589.64;NÃO
Jorginho Mello;PR;SC;SIM;8447967.78;4562799.88;SIM
José Airton Cirilo;PT;CE;NÃO;5434803.00;0.00;SIM
José Carlos Aleluia;DEM;BA;SIM;4029005.27;1510855.45;NÃO
José Carlos Araújo;PR;BA;NÃO;10120007.78;213569.47;NÃO
José Fogaça;PMDB;RS;SIM;7917283.00;3530017.67;NÃO
José Guimarães;PT;CE;NÃO;10120007.78;213569.47;SIM
José Mentor;PT;SP;NÃO;8542543.00;1547924.22;SIM
José Nunes;PSD;BA;NÃO;8514518.00;3046964.05;SIM
José Otávio Germano;PP;RS;SIM;5567623.00;1781033.97;NÃO
José Priante;PMDB;PA;SIM;8353723.94;1196259.39;NÃO
José Reinaldo;PSB;MA;SIM;5456838.00;10553.96;NÃO
José Rocha;PR;BA;NÃO;6122865.65;1222013.54;NÃO
José Sarney Filho;PV;MA;SIM;NaN;NaN;NÃO
José Stédile;PSB;RS;SIM;9463055.55;4427781.20;SIM
Josi Nunes;PMDB;TO;SIM;8810880.00;1235124.12;NÃO
Josias Gomes;PT;BA;Não estava no cargo;NaN;NaN;SIM
Josué Bengston;PTB;PA;SIM;6413860.00;1651719.61;NÃO
Jovair Arantes;PTB;GO;SIM;6804047.99;962318.83;NÃO
Jozi Araújo;PODE;AP;NÃO;0.00;1031536.69;NÃO
Júlia Marinho;PSC;PA;SIM;4991934.00;1074834.16;NÃO
Júlio César;PSD;PI;SIM;9091825.54;4428753.53;NÃO
Júlio Delgado;PSB;MG;SIM;6237724.79;2036883.91;SIM
Julio Lopes;PP;RJ;SIM;6905151.00;584846.16;NÃO
Junior Marreca;PEN;MA;NÃO;5957953.00;631324.05;NÃO
Juscelino Filho;DEM;MA;SIM;9821349.70;0.00;NÃO
Jutahy Junior;PSDB;BA;SIM;7065274.00;1308021.47;SIM
Keiko Ota;PSB;SP;SIM;2565770.00;1708774.00;SIM
Laércio Oliveira;SD;SE;SIM;8697039.41;928145.96;SIM
Laerte Bessa;PR;DF;SIM;4570700.00;1324980.43;NÃO
Laudivio Carvalho;SD;MG;SIM;9231494.00;1935666.35;SIM
Laura Carneiro;PMDB;RJ;Não estava no cargo;3685856.35;0.00;SIM
Lázaro Botelho;PP;TO;SIM;7597014.00;3032073.89;NÃO
Leandre;PV;PR;SIM;8482485.00;487310.54;SIM
Lelo Coimbra;PMDB;ES;SIM;6307628.00;850353.71;NÃO
Leo de Brito;PT;AC;NÃO;6314839.69;1093274.03;SIM
Leonardo Monteiro;PT;MG;NÃO;6895441.54;2840708.46;SIM
Leonardo Picciani;PMDB;RJ;NÃO;0.00;1153155.50;NÃO
Leonardo Quintão;PMDB;MG;SIM;0.00;1153155.50;NÃO
Leônidas Cristino;PDT;CE;NÃO;6810236.00;266041.98;SIM
Leopoldo Meyer;PSB;PR;SIM;4689750.00;5140456.67;SIM
Lincoln Portela;PRB;MG;SIM;6597567.55;2598461.96;SIM
Lindomar Garçon;PRB;RO;SIM;4547475.00;3246691.56;NÃO
Lobbe Neto;PSDB;SP;Não estava no cargo;NaN;NaN;SIM
Luana Costa;PSB;MA;Não estava no cargo;NaN;NaN;SIM
Lucas Vergilio;SD;GO;SIM;6980950.00;948836.63;NÃO
Luciana Santos;PCdoB;PE;NÃO;3128800.00;1413293.76;SIM
Luciano Bivar;PSL;PE;Não estava no cargo;NaN;NaN;NÃO
Luciano Ducci;PSB;PR;SIM;7198233.10;3972017.18;Abstenção
Lucio Mosquini;PMDB;RO;SIM;3694370.00;3423571.35;NÃO
Lúcio Vale;PR;PA;NÃO;6499415.00;2364582.73;NÃO
Lucio Vieira Lima;PMDB;BA;SIM;7782557.55;712880.04;NÃO
Luis Carlos Heinze;PP;RS;SIM;7832552.78;2890594.68;SIM
Luis Tibé;PTdoB;MG;SIM;5270537.00;303847.88;NÃO
Luiz Carlos Hauly;PSDB;PR;SIM;5480933.00;1487577.77;NÃO
Luiz Carlos Ramos;PODE;RJ;SIM;6792550.00;54103.24;SIM
Luiz Cláudio;PR;RO;SIM;6820453.00;1541552.23;NÃO
Luiz Couto;PT;PB;NÃO;4610890.00;3550179.80;SIM
Luiz Fernando Faria;PP;MG;SIM;6260174.57;2292642.61;NÃO
Luiz Lauro Filho;PSB;SP;SIM;7751575.00;3652892.06;SIM
Luiz Nishimori;PR;PR;SIM;9447675.80;1560318.09;NÃO
Luiz Sérgio;PT;RJ;NÃO;6686694.17;881991.96;SIM
Luiza Erundina;PSOL;SP;NÃO;1999810.00;3542582.37;SIM
Luizianne Lins;PT;CE;NÃO;10168803.00;195032.93;SIM
Luzia Ferreira;PPS;MG;Não estava no cargo;NaN;NaN;SIM
Macedo;PP;CE;NÃO;7294538.00;829066.60;NÃO
Magda Mofatto;PR;GO;SIM;7476860.00;1676858.73;NÃO
Maia Filho;PP;PI;Não estava no cargo;0.00;887828.96;NÃO
Major Olímpio;SD;SP;SIM;4841289.00;2633170.50;SIM
Mandetta;DEM;MS;SIM;5860716.00;4846765.66;SIM
Mara Gabrilli;PSDB;SP;SIM;5039894.00;252982.81;SIM
Marcelo Aguiar;DEM;SP;Não estava no cargo;NaN;NaN;NÃO
Marcelo Álvaro Antônio;PR;MG;SIM;7050215.34;3074552.54;SIM
Marcelo Aro;PHS;MG;SIM;8122930.00;1970039.17;NÃO
Marcelo Castro;PMDB;PI;NÃO;10910804.55;0.00;Abstenção
Marcelo Delaroli;PR;RJ;Não estava no cargo;NaN;NaN;NÃO
Marcelo Matos;PHS;RJ;SIM;5551279.20;0.00;SIM
Marcelo Squassoni;PRB;SP;SIM;7109538.00;361669.20;NÃO
Marcio Alvino;PR;SP;SIM;6803300.00;108576.43;NÃO
Márcio Marinho;PRB;BA;SIM;5327755.00;1100860.35;NÃO
Marco Antônio Cabral;PMDB;RJ;SIM;7179385.00;198729.84;NÃO
Marco Maia;PT;RS;NÃO;9184600.71;3155512.86;SIM
Marco Tebaldi;PSDB;SC;SIM;10324687.18;855888.23;NÃO
Marcon;PT;RS;NÃO;9083017.55;2743281.96;SIM
Marcos Abrão;PPS;GO;SIM;7410827.63;2070872.98;SIM
Marcos Montes;PSD;MG;SIM;8705900.00;1178570.18;NÃO
Marcos Reategui;PSD;AP;SIM;2900000.00;4180216.71;Abstenção
Marcos Rogério;DEM;RO;SIM;7222300.00;2303462.70;SIM
Marcos Soares;DEM;RJ;SIM;4337592.00;505349.00;NÃO
Marcus Pestana;PSDB;MG;SIM;8563953.00;2409841.65;NÃO
Marcus Vicente;PP;ES;SIM;3741500.00;944589.57;NÃO
Margarida Salomão;PT;MG;NÃO;3698510.00;2201379.20;SIM
Maria do Rosário;PT;RS;NÃO;6041426.00;978138.95;SIM
Maria Helena;PSB;RR;SIM;5524459.76;175716.63;NÃO
Mariana Carvalho;PSDB;RO;SIM;5931965.00;703961.67;SIM
Marinaldo Rosendo;PSB;PE;SIM;8159938.00;258036.50;NÃO
Marinha Raupp;PMDB;RO;SIM;1700000.00;1643961.56;NÃO
Mário Negromonte Jr.;PP;BA;Abstenção;8276830.54;12017.07;NÃO
Marx Beltrão;PMDB;AL;SIM;0.00;521195.70;NÃO
Mauricio Quintella;PR;AL;SIM;0.00;2319482.31;NÃO
Mauro Lopes;PMDB;MG;SIM;8111910.00;2017599.53;NÃO
Mauro Mariani;PMDB;SC;SIM;7142119.00;1038499.79;NÃO
Mauro Pereira;PMDB;RS;SIM;8833513.78;3506857.95;NÃO
Mendonça Filho;DEM;PE;SIM;0.00;318530.29;NÃO
Miguel Haddad;PSDB;SP;SIM;7581700.00;1724972.13;SIM
Miguel Lombardi;PR;SP;SIM;3432953.00;1017928.38;NÃO
Milton Monti;PR;SP;SIM;8649729.55;2301024.77;NÃO
Miro Teixeira;Rede;RJ;SIM;2426260.00;1496348.23;SIM
Misael Varella;DEM;MG;SIM;4565995.00;410224.12;NÃO
Missionário José Olímpio;DEM;SP;SIM;5595561.54;1565648.94;NÃO
Moisés Diniz;PCdoB;AC;Não estava no cargo;4184297.00;0.00;SIM
Moses Rodrigues;PMDB;CE;SIM;7780503.00;359284.92;NÃO
Nelson Marquezelli;PTB;SP;SIM;8833810.00;3134953.91;NÃO
Nelson Meurer;PP;PR;SIM;9489086.00;1602027.19;NÃO
Nelson Padovani;PSDB;PR;SIM;1875477.44;492433.45;NÃO
Nelson Pellegrino;PT;BA;Não estava no cargo;9361183.00;0.00;SIM
Newton Cardoso Jr;PMDB;MG;SIM;0.00;320629.51;NÃO
Nilson Leitão;PSDB;MT;SIM;7466645.00;1166780.22;NÃO
Nilson Pinto;PSDB;PA;SIM;4324045.00;2300993.14;NÃO
Nilto Tato;PT;SP;NÃO;9316648.00;237393.58;SIM
Nilton Capixaba;PTB;RO;SIM;3079884.00;4193877.15;NÃO
Norma Ayub;DEM;ES;Não estava no cargo;NaN;NaN;SIM
Odorico Monteiro;PSB;CE;NÃO;6826536.00;0.00;SIM
Onyx Lorenzoni;DEM;RS;SIM;5539695.00;3379960.96;SIM
Orlando Silva;PCdoB;SP;NÃO;5820318.78;912189.50;SIM
Osmar Bertoldi;DEM;PR;Não estava no cargo;NaN;NaN;NÃO
Osmar Serraglio;PMDB;PR;SIM;8888903.00;773842.78;Abstenção
Osmar Terra;PMDB;RS;SIM;0.00;2547891.06;NÃO
Otavio Leite;PSDB;RJ;SIM;5153102.76;909951.82;SIM
Padre João;PT;MG;NÃO;5697873.00;3881756.46;SIM
Paes Landim;PTB;PI;NÃO;9002513.75;1249688.44;NÃO
Pastor Eurico;PHS;PE;SIM;4839998.63;2485495.15;SIM
Pastor Luciano Braga;PRB;BA;Não estava no cargo;NaN;NaN;NÃO
Patrus Ananias;PT;MG;NÃO;4394102.90;0.00;SIM
Pauderney Avelino;DEM;AM;SIM;4372953.00;0.00;NÃO
Paulão;PT;AL;NÃO;6298775.00;1617426.20;SIM
Paulo Abi-Ackel;PSDB;MG;SIM;10149219.00;889267.14;NÃO
Paulo Azi;DEM;BA;SIM;7552128.00;703491.97;NÃO
Paulo Feijó;PR;RJ;SIM;6569945.00;246717.39;NÃO
Paulo Foletto;PSB;ES;SIM;7169800.00;1825371.33;SIM
Paulo Freire;PR;SP;SIM;6430631.00;4230699.82;NÃO
Paulo Henrique Lustosa;PP;CE;Não estava no cargo;NaN;NaN;NÃO
Paulo Magalhães;PSD;BA;NÃO;7943818.00;1834963.14;SIM
Paulo Maluf;PP;SP;SIM;7433670.00;2846490.77;NÃO
Paulo Pereira da Silva;SD;SP;SIM;6662813.00;2341180.96;NÃO
Paulo Pimenta;PT;RS;NÃO;7918517.76;2450242.56;SIM
Paulo Teixeira;PT;SP;NÃO;4287161.00;2179847.65;SIM
Pedro Chaves;PMDB;GO;SIM;5019447.94;1592562.88;NÃO
Pedro Cunha Lima;PSDB;PB;SIM;6747317.17;264273.14;SIM
Pedro Fernandes;PTB;MA;NÃO;9473641.51;708372.11;NÃO
Pedro Paulo;PMDB;RJ;SIM;10319538.00;0.00;NÃO
Pedro Uczai;PT;SC;NÃO;6194638.00;2902676.67;SIM
Pedro Vilela;PSDB;AL;SIM;7460210.76;0.00;Abstenção
Pepe Vargas;PT;RS;NÃO;5239950.00;4333965.93;SIM
Pollyana Gama;PPS;SP;Não estava no cargo;NaN;NaN;SIM
Pompeo de Mattos;PDT;RS;Abstenção;6546314.78;2784054.92;SIM
Pr. Marcos Feliciano;PSC;SP;SIM;7549076.44;1670125.51;NÃO
Professor Victório Galli;PSC;MT;SIM;0.00;244283.05;NÃO
Professora Dorinha Seabra Rezende;DEM;TO;SIM;6639324.00;640353.65;NÃO
Professora Marcivania;PCdoB;AP;NÃO;5423575.00;323742.41;SIM
Rafael Motta;PSB;RN;SIM;5875262.98;1784524.23;SIM
Raimundo Gomes de Matos;PSDB;CE;SIM;8202229.41;239865.77;Abstenção
Raquel Muniz;PSD;MG;SIM;5380411.84;1627404.97;NÃO
Reginaldo Lopes;PT;MG;NÃO;5680670.00;5294985.93;SIM
Reinhold Stephanes;PSD;PR;Não estava no cargo;7109370.55;0.00;Abstenção
Remídio Monai;PR;RR;SIM;450000.00;38191.09;NÃO
Renata Abreu;PODE;SP;SIM;8477403.00;433619.87;SIM
Renato Andrade;PP;MG;Não estava no cargo;NaN;NaN;NÃO
Renato Molling;PP;RS;SIM;3866168.98;2311239.02;NÃO
Renzo Braz;PP;MG;SIM;5759524.37;2279574.56;NÃO
Ricardo Izar;PP;SP;SIM;8980140.00;1784806.11;NÃO
Ricardo Teobaldo;PODE;PE;NÃO;1770680.00;764076.46;NÃO
Ricardo Tripoli;PSDB;SP;SIM;6854767.00;1832759.24;SIM
Roberto Alves;PRB;SP;SIM;5692903.00;795986.42;NÃO
Roberto Balestra;PP;GO;SIM;9956920.00;3021727.33;NÃO
Roberto Britto;PP;BA;NÃO;2720550.00;1775898.62;NÃO
Roberto de Lucena;PV;SP;SIM;6883020.00;764527.46;NÃO
Roberto Freire;PPS;SP;Não estava no cargo;NaN;NaN;SIM
Roberto Góes;PDT;AP;NÃO;9800000.00;3789119.92;NÃO
Roberto Sales;PRB;RJ;SIM;8277194.25;342078.06;NÃO
Rocha;PSDB;AC;SIM;5199930.00;1676777.51;SIM
Rodrigo de Castro;PSDB;MG;SIM;6271488.38;2157138.59;NÃO
Rodrigo Maia;DEM;RJ;SIM;3589900.00;290048.85;presidente
Rodrigo Martins;PSB;PI;SIM;9715956.06;1284384.89;SIM
Rodrigo Pacheco;PMDB;MG;SIM;7209719.00;101043.20;Abstenção
Rogério Marinho;PSDB;RN;SIM;7922330.00;1250833.62;NÃO
Rogério Peninha Mendonça;PMDB;SC;SIM;7487154.00;1197412.31;NÃO
Rogério Rosso;PSD;DF;SIM;4690382.36;1703892.89;NÃO
Rogério Silva;PMDB;MT;Não estava no cargo;NaN;NaN;NÃO
Rômulo Gouveia;PSD;PB;SIM;9970993.00;646124.36;NÃO
Ronaldo Benedet;PMDB;SC;SIM;8392267.80;2156243.46;NÃO
Ronaldo Carletto;PP;BA;NÃO;9802665.00;486465.74;Abstenção
Ronaldo Fonseca;PROS;DF;SIM;2221660.00;1184584.61;NÃO
Ronaldo Lessa;PDT;AL;NÃO;8897646.53;2973465.68;SIM
Ronaldo Martins;PRB;CE;SIM;7103417.00;0.00;SIM
Ronaldo Nogueira;PTB;RS;SIM;0.00;1197601.94;NÃO
Rôney Nemer;PP;DF;SIM;4063685.80;255993.24;Abstenção
Rosangela Gomes;PRB;RJ;SIM;2326475.24;13862.72;NÃO
Rubens Bueno;PPS;PR;SIM;9216095.00;3207648.85;SIM
Rubens Otoni;PT;GO;NÃO;7257710.46;249633.68;SIM
Rubens Pereira Júnior;PCdoB;MA;NÃO;6308379.62;1406747.35;SIM
Sabino Castelo Branco;PTB;AM;Não estava no cargo;NaN;NaN;NÃO
Ságuas Moraes;PT;MT;NÃO;7581648.00;1682181.19;SIM
Sandro Alex;PSD;PR;SIM;4790560.55;1847811.01;SIM
Saraiva Felipe;PMDB;MG;SIM;5398629.44;1359432.13;NÃO
Sebastião Oliveira;PR;PE;Abstenção;NaN;NaN;NÃO
Sérgio Brito;PSD;BA;NÃO;3680599.00;1076841.77;SIM
Sérgio Moraes;PTB;RS;SIM;9348663.00;3932688.27;NÃO
Sérgio Reis;PRB;SP;SIM;0.00;5188383.49;SIM
Sergio Souza;PMDB;PR;SIM;8461168.00;1445622.08;NÃO
Sérgio Vidigal;PDT;ES;SIM;6048046.00;1831805.09;SIM
Sergio Zveiter;PMDB;RJ;SIM;NaN;NaN;SIM
Shéridan;PSDB;RR;SIM;10757304.00;840866.29;Abstenção
Silas Câmara;PRB;AM;SIM;7535719.00;0.00;NÃO
Silas Freire;PODE;PI;Não estava no cargo;0.00;405750.00;SIM
Silvio Costa;PTdoB;PE;NÃO;6160124.00;0.00;SIM
Silvio Torres;PSDB;SP;SIM;9497353.00;1392397.14;SIM
Simão Sessim;PP;RJ;SIM;10666153.00;202692.47;NÃO
Simone Morgado;PMDB;PA;NÃO;7177127.87;1182223.55;NÃO
Soraya Santos;PMDB;RJ;SIM;5066700.00;81341.80;NÃO
Sóstenes Cavalcante;DEM;RJ;SIM;9945101.03;679330.68;SIM
Stefano Aguiar;PSD;MG;SIM;9001298.52;6529535.18;SIM
Subtenente Gonzaga;PDT;MG;SIM;1477100.00;2820005.17;SIM
Tadeu Alencar;PSB;PE;SIM;5917580.00;1132708.02;SIM
Takayama;PSC;PR;SIM;8218554.23;3143278.92;NÃO
Tenente Lúcio;PSB;MG;SIM;7234800.00;2826353.30;NÃO
Tereza Cristina;PSB;MS;SIM;6274745.00;848346.61;NÃO
Thiago Peixoto;PSD;GO;SIM;6877550.54;2586213.01;NÃO
Tiririca;PR;SP;SIM;6867834.00;3563712.51;SIM
Toninho Pinheiro;PP;MG;SIM;9710775.60;369986.03;NÃO
Toninho Wandscheer;PROS;PR;SIM;8765763.00;1833993.80;NÃO
Uldurico Junior;PV;BA;SIM;6860943.00;745196.05;SIM
Vaidon Oliveira;DEM;CE;Outro;NaN;NaN;NÃO
Valadares Filho;PSB;SE;SIM;0.00;1155861.08;SIM
Valdir Colatto;PMDB;SC;SIM;8409877.78;2589329.71;NÃO
Valmir Assunção;PT;BA;NÃO;6571040.00;5831778.49;SIM
Valmir Prascidelli;PT;SP;NÃO;6766053.00;2157679.21;SIM
Vander Loubet;PT;MS;NÃO;9195453.00;0.00;SIM
Vanderlei Macris;PSDB;SP;SIM;4827153.00;2481368.10;SIM
Veneziano Vital do Rêgo;PMDB;PB;SIM;0.00;268429.05;SIM
Vicente Candido;PT;SP;NÃO;6390981.58;943471.13;SIM
Vicentinho;PT;SP;NÃO;7636098.00;2076948.06;SIM
Vicentinho Júnior;PR;TO;NÃO;5813513.00;1977011.32;Abstenção
Victor Mendes;PSD;MA;SIM;9527373.00;0.00;NÃO
Vinicius Carvalho;PRB;SP;SIM;7530684.52;305195.46;NÃO
Vinicius Gurgel;PR;AP;Abstenção;10071925.00;695991.63;NÃO
Vitor Lippi;PSDB;SP;SIM;3186651.10;2132687.63;SIM
Vitor Valim;PMDB;CE;SIM;10722953.00;799650.82;SIM
Wadih Damous;PT;RJ;NÃO;NaN;NaN;SIM
Waldenor Pereira;PT;BA;NÃO;9784475.00;3273318.21;SIM
Waldir Maranhão;PP;MA;NÃO;3783000.00;534320.96;SIM
Walney Rocha;PEN;RJ;Não estava no cargo;7207100.00;1572470.54;NÃO
Walter Alves;PMDB;RN;SIM;6237435.00;904938.96;NÃO
Walter Ihoshi;PSD;SP;Não estava no cargo;NaN;NaN;NÃO
Weliton Prado;PMB;MG;SIM;3268578.00;689450.06;SIM
Wellington Roberto;PR;PB;NÃO;6441750.00;1045698.28;SIM
Weverton Rocha;PDT;MA;NÃO;5720573.17;0.00;SIM
Wilson Filho;PTB;PB;SIM;8135957.54;1268562.27;Abstenção
Wladimir Costa;SD;PA;SIM;6663910.00;300238.30;NÃO
Wolney Queiroz;PDT;PE;NÃO;8091668.44;0.00;SIM
Yeda Crusius;PSDB;RS;Não estava no cargo;NaN;NaN;NÃO
Zé Augusto Nalin;PMDB;RJ;Não estava no cargo;NaN;NaN;NÃO
Zé Carlos;PT;MA;NÃO;7285613.00;100660.64;SIM
Zé Geraldo;PT;PA;NÃO;9899641.21;360448.20;SIM
Zé Silva;SD;MG;SIM;8932419.00;2948976.64;NÃO
Zeca Cavalcanti;PTB;PE;NÃO;5397650.00;1217218.38;NÃO
Zeca Dirceu;PT;PR;NÃO;10169102.78;2031080.93;SIM
Zeca do PT;PT;MS;NÃO;7197626.76;325902.90;SIM
Zenaide Maia;PR;RN;NÃO;3362053.24;1454118.89;SIM
